pickup_datetime,dropoff_datetime,passenger_count,trip_distance
2023-01-01 00:26:10,2023-01-01 00:37:11,1,2.58
2023-01-01 00:51:03,2023-01-01 00:57:49,1,1.81
2023-01-01 00:35:12,2023-01-01 00:41:32,1,0.00
2023-01-01 00:13:14,2023-01-01 00:19:03,1,1.30
2023-01-01 00:33:04,2023-01-01 00:39:02,1,1.10
2023-01-01 00:53:31,2023-01-01 01:11:04,1,2.78
2023-01-01 00:09:14,2023-01-01 00:26:39,2,3.80
2023-01-01 00:11:58,2023-01-01 00:24:55,1,1.88
2023-01-01 00:41:29,2023-01-01 00:46:26,2,1.11
2023-01-01 00:50:32,2023-01-01 01:13:42,1,4.22
2023-01-01 00:16:12,2023-01-01 00:41:43,2,4.80
2023-01-01 00:08:43,2023-01-01 00:17:08,1,1.99
2023-01-01 00:26:32,2023-01-01 00:45:31,1,7.08
2023-01-01 00:18:35,2023-01-01 00:30:09,1,3.23
2023-01-01 00:39:32,2023-01-01 01:18:06,1,5.91
2023-01-01 00:49:34,2023-01-01 01:08:23,1,11.30
2023-01-01 00:10:45,2023-01-01 00:19:37,1,1.30
2023-01-01 00:35:11,2023-01-01 01:17:35,1,8.28
2023-01-01 00:31:06,2023-01-01 00:42:23,1,2.02
2023-01-01 00:14:37,2023-01-01 00:21:50,1,0.96
2023-01-01 00:26:21,2023-01-01 00:30:26,1,0.96
2023-01-01 00:41:56,2023-01-01 00:46:06,1,0.53
2023-01-01 00:32:02,2023-01-01 00:41:25,4,1.51
2023-01-01 00:55:13,2023-01-01 00:59:47,3,0.88
2023-01-01 00:01:31,2023-01-01 00:16:02,1,2.48
2023-01-01 00:22:31,2023-01-01 00:39:24,1,3.53
2023-01-01 00:57:28,2023-01-01 01:09:31,1,2.25
2023-01-01 00:35:21,2023-01-01 00:53:49,1,2.78
2023-01-01 00:52:52,2023-01-01 01:00:53,1,4.29
2023-01-01 00:32:56,2023-01-01 00:42:53,1,2.53
2023-01-01 00:24:01,2023-01-01 00:32:05,1,1.70
2023-01-01 00:46:48,2023-01-01 01:08:17,1,10.44
2023-01-01 00:40:58,2023-01-01 01:04:32,4,6.78
2023-01-01 00:20:23,2023-01-01 00:24:32,2,1.39
2023-01-01 01:49:24,2023-01-01 01:57:51,1,1.31
2023-01-01 00:41:53,2023-01-01 00:41:58,1,6.70
2023-01-01 00:56:26,2023-01-01 01:14:41,1,3.52
2023-01-01 00:33:10,2023-01-01 00:43:08,1,1.74
2023-01-01 00:58:28,2023-01-01 01:14:46,1,2.31
2023-01-01 00:42:49,2023-01-01 00:51:53,1,1.37
2023-01-01 00:48:21,2023-01-01 01:23:50,1,10.35
2023-01-01 00:08:05,2023-01-01 00:13:26,6,1.05
2023-01-01 00:13:47,2023-01-01 00:25:57,5,3.23
2023-01-01 00:16:10,2023-01-01 00:54:55,3,6.19
2023-01-01 00:04:25,2023-01-01 00:17:50,1,2.80
2023-01-01 00:33:38,2023-01-01 00:38:51,1,1.13
2023-01-01 00:46:08,2023-01-01 00:59:10,1,3.19
2023-01-01 01:00:08,2023-01-01 01:05:46,1,1.26
2023-01-02 00:28:04,2023-01-01 00:43:45,1,2.87
2023-01-02 00:23:04,2023-01-01 23:18:32,1,8.55
2023-01-02 00:34:07,2023-01-01 00:50:01,1,4.46
2023-01-02 00:52:03,2023-01-01 00:57:56,1,1.18
2023-01-02 00:25:31,2023-01-01 00:38:40,5,2.50
2023-01-02 00:53:09,2023-01-01 01:13:35,5,9.01
2023-01-02 00:42:37,2023-01-01 00:47:15,1,0.63
2023-01-02 00:39:52,2023-01-01 00:48:54,1,2.08
2023-01-02 00:15:32,2023-01-01 00:23:03,1,1.47
2023-01-02 00:06:48,2023-01-01 01:08:47,2,7.83
2023-01-02 00:57:15,2023-01-01 01:00:15,1,0.00
2023-01-02 00:14:13,2023-01-01 00:25:43,2,2.15
2023-01-02 00:52:48,2023-01-01 01:21:19,1,12.73
2023-01-02 00:34:13,2023-01-01 00:43:57,1,1.62
2023-01-02 00:44:41,2023-01-01 00:48:26,1,1.26
2023-01-02 00:11:12,2023-01-01 00:38:12,2,7.30
2023-01-02 01:44:43,2023-01-01 01:57:31,1,2.73
2023-01-02 01:04:44,2023-01-01 01:11:23,1,1.10
2023-01-02 01:48:11,2023-01-01 02:05:51,1,2.50
2023-01-02 01:11:39,2023-01-01 01:41:21,2,4.90
2023-01-02 01:54:25,2023-01-01 02:05:19,1,2.17
2023-01-02 01:59:10,2023-01-01 02:11:36,1,2.02
2023-01-02 01:22:35,2023-01-01 01:25:11,1,0.60
2023-01-02 01:37:10,2023-01-01 01:41:30,1,0.80
2023-01-02 01:46:22,2023-01-01 02:04:14,1,2.39
2023-01-02 01:59:48,2023-01-01 02:05:29,1,1.10
2023-01-02 01:09:49,2023-01-01 01:17:55,1,1.23
2023-01-02 01:23:35,2023-01-01 01:53:43,1,4.90
2023-01-02 01:53:20,2023-01-01 02:27:01,1,10.45
2023-01-02 01:32:14,2023-01-01 01:43:55,2,2.23
2023-01-02 01:01:05,2023-01-01 01:13:02,1,2.21
2023-01-02 01:34:41,2023-01-01 02:00:06,1,5.20
2023-01-02 01:52:08,2023-01-01 02:00:57,1,5.25
2023-01-02 01:49:28,2023-01-01 02:13:18,1,6.32
2023-01-02 01:03:59,2023-01-01 01:07:17,1,0.53
2023-01-02 01:13:11,2023-01-01 01:26:01,1,3.82
2023-01-02 01:40:06,2023-01-01 01:49:28,1,3.58
2023-01-02 01:33:50,2023-01-01 01:38:15,1,0.70
2023-01-02 01:45:19,2023-01-01 01:47:57,1,0.60
2023-01-02 01:51:29,2023-01-01 02:05:02,1,2.91
2023-01-02 01:34:07,2023-01-01 01:52:34,2,5.13
2023-01-02 01:10:08,2023-01-01 01:30:01,1,12.40
2023-01-02 01:32:17,2023-01-01 01:41:04,1,1.45
2023-01-02 01:48:28,2023-01-01 02:16:18,1,7.52
2023-01-02 01:30:43,2023-01-01 01:40:20,1,1.81
2023-01-02 01:51:10,2023-01-01 02:00:28,1,2.45
2023-01-02 01:09:36,2023-01-01 01:12:39,1,0.54
2023-01-02 01:19:54,2023-01-01 01:23:25,1,0.47
2023-01-02 01:31:10,2023-01-01 01:37:17,1,1.16
2023-01-02 01:42:30,2023-01-01 02:26:39,1,15.39
2023-01-02 00:57:51,2023-01-01 01:07:05,2,5.34
2023-01-03 01:27:36,2023-01-01 01:27:43,0,0.00
2023-01-03 01:49:30,2023-01-01 02:02:16,1,2.56
2023-01-03 01:30:39,2023-01-01 02:20:23,2,14.97
2023-01-03 01:27:06,2023-01-01 01:30:39,5,0.62
2023-01-03 01:43:43,2023-01-01 01:51:28,5,0.87
2023-01-03 01:11:01,2023-01-01 01:11:06,2,0.01
2023-01-03 01:45:26,2023-01-01 01:52:36,5,0.86
2023-01-03 01:40:56,2023-01-01 01:53:39,5,2.38
2023-01-03 01:11:13,2023-01-01 01:11:36,1,0.00
2023-01-03 01:53:59,2023-01-02 00:00:00,1,2.64
2023-01-03 01:39:04,2023-01-01 02:00:43,1,11.34
2023-01-03 01:40:51,2023-01-01 01:47:06,1,1.61
2023-01-03 01:20:45,2023-01-01 01:27:18,1,2.00
2023-01-03 01:41:01,2023-01-01 01:56:39,1,4.08
2023-01-03 01:23:22,2023-01-01 01:54:19,1,10.96
2023-01-03 01:22:37,2023-01-01 01:41:04,1,6.14
2023-01-03 01:52:58,2023-01-01 01:53:00,1,0.00
2023-01-03 01:39:41,2023-01-01 01:53:43,1,3.16
2023-01-03 01:20:03,2023-01-01 01:31:13,1,1.67
2023-01-03 01:25:46,2023-01-02 00:29:15,1,6.53
2023-01-03 01:57:54,2023-01-01 02:15:39,1,6.81
2023-01-03 01:20:33,2023-01-01 01:41:30,1,8.07
2023-01-03 01:25:25,2023-01-01 01:37:29,1,1.71
2023-01-03 01:04:34,2023-01-01 01:27:50,1,5.22
2023-01-03 01:12:44,2023-01-01 01:47:04,2,3.59
2023-01-03 01:33:08,2023-01-01 01:43:22,2,2.08
2023-01-03 01:26:25,2023-01-01 01:38:22,1,2.90
2023-01-03 01:26:44,2023-01-01 01:39:50,1,1.71
2023-01-03 00:57:39,2023-01-01 01:04:53,5,1.17
2023-01-03 01:39:41,2023-01-01 01:48:58,1,1.52
2023-01-03 01:15:34,2023-01-01 01:25:56,1,1.52
2023-01-03 01:35:02,2023-01-01 01:54:15,1,4.62
2023-01-03 01:04:05,2023-01-01 01:24:33,1,3.80
2023-01-03 02:28:20,2023-01-01 02:42:14,1,3.50
2023-01-03 02:06:48,2023-01-01 02:27:09,1,4.12
2023-01-03 02:50:52,2023-01-01 03:04:43,1,6.39
2023-01-03 02:23:49,2023-01-01 02:31:14,1,1.18
2023-01-03 02:36:03,2023-01-01 02:42:39,1,1.53
2023-01-03 02:16:55,2023-01-01 02:22:07,1,1.10
2023-01-03 02:29:20,2023-01-01 02:38:19,1,1.90
2023-01-03 02:18:51,2023-01-01 02:30:33,1,1.75
2023-01-03 02:08:19,2023-01-01 02:19:49,1,4.29
2023-01-03 02:27:13,2023-01-01 02:47:12,1,3.50
2023-01-03 02:07:45,2023-01-01 02:19:33,1,1.70
2023-01-03 02:33:55,2023-01-01 02:56:39,1,4.29
2023-01-03 02:55:37,2023-01-01 03:09:26,1,3.92
2023-01-03 02:50:56,2023-01-01 03:06:10,1,3.84
2023-01-03 02:03:52,2023-01-01 02:03:57,2,0.01
2023-01-03 02:01:43,2023-01-01 02:03:43,1,0.32
2023-01-03 02:06:40,2023-01-01 02:13:56,1,1.68
2023-01-03 02:31:38,2023-01-01 02:44:26,1,3.11
2023-01-04 02:21:04,2023-01-01 02:28:00,1,1.26
2023-01-04 02:36:36,2023-01-01 02:49:44,1,2.10
2023-01-04 02:23:48,2023-01-01 02:35:09,1,5.34
2023-01-04 02:47:13,2023-01-01 02:51:15,1,0.80
2023-01-04 02:18:16,2023-01-01 02:22:01,1,0.82
2023-01-04 02:24:58,2023-01-01 02:37:41,1,3.79
2023-01-04 02:07:23,2023-01-01 02:12:41,1,0.84
2023-01-04 02:13:53,2023-01-01 02:29:29,1,3.27
2023-01-04 02:35:24,2023-01-01 02:38:09,1,0.64
2023-01-04 02:06:14,2023-01-01 02:18:33,6,2.18
2023-01-04 02:24:20,2023-01-01 02:44:17,6,5.52
2023-01-04 02:36:37,2023-01-01 02:50:37,2,2.57
2023-01-04 02:29:37,2023-01-01 02:53:27,1,4.38
2023-01-04 01:59:48,2023-01-01 01:59:51,2,0.09
2023-01-04 02:35:05,2023-01-01 03:00:20,1,6.03
2023-01-04 02:28:55,2023-01-01 02:39:48,1,3.03
2023-01-04 02:37:12,2023-01-01 02:37:15,3,0.00
2023-01-04 02:07:32,2023-01-01 02:19:23,1,2.09
2023-01-04 02:28:59,2023-01-01 02:54:50,1,4.87
2023-01-04 02:50:02,2023-01-01 02:50:27,1,0.00
2023-01-04 02:09:49,2023-01-01 02:16:19,1,1.33
2023-01-04 02:47:27,2023-01-01 02:53:31,1,0.47
2023-01-04 02:59:41,2023-01-01 03:17:21,1,7.33
2023-01-04 02:37:12,2023-01-01 02:37:15,1,0.00
2023-01-04 02:42:06,2023-01-01 02:50:38,1,3.19
2023-01-04 02:42:25,2023-01-01 03:01:16,1,3.63
2023-01-04 02:04:21,2023-01-01 02:09:59,1,1.11
2023-01-04 02:47:09,2023-01-01 03:00:57,1,4.70
2023-01-04 02:18:44,2023-01-01 02:28:31,5,1.78
2023-01-04 02:43:52,2023-01-01 03:01:20,2,2.36
2023-01-04 02:37:18,2023-01-01 03:21:07,2,6.16
2023-01-04 02:17:46,2023-01-01 02:32:48,2,5.87
2023-01-04 02:53:40,2023-01-01 03:13:09,1,4.84
2023-01-04 02:10:04,2023-01-01 02:14:09,5,0.55
2023-01-04 02:06:11,2023-01-01 02:16:20,5,2.11
2023-01-04 02:09:48,2023-01-01 02:11:34,1,0.00
2023-01-04 03:01:54,2023-01-01 03:01:56,1,0.00
2023-01-04 03:04:05,2023-01-01 03:18:01,1,2.37
2023-01-04 02:40:06,2023-01-01 03:01:26,1,3.68
2023-01-04 02:10:41,2023-01-01 02:17:43,1,1.53
2023-01-04 02:54:41,2023-01-01 03:03:06,1,1.74
2023-01-04 02:05:09,2023-01-01 02:09:30,1,1.00
2023-01-04 02:16:38,2023-01-01 02:36:18,1,3.00
2023-01-04 02:38:02,2023-01-01 02:38:04,1,0.00
2023-01-04 02:51:13,2023-01-01 03:24:16,1,9.63
2023-01-04 03:00:27,2023-01-01 03:00:54,1,4.90
2023-01-04 03:34:36,2023-01-01 03:50:04,1,4.10
2023-01-04 03:07:46,2023-01-01 03:11:43,1,0.47
2023-01-04 03:06:11,2023-01-01 03:06:41,1,1.30
2023-01-04 03:07:26,2023-01-01 03:07:50,1,1.30
2023-01-04 03:49:14,2023-01-01 04:07:23,1,6.84
2023-01-05 03:04:10,2023-01-01 03:27:55,1,4.32
2023-01-05 03:17:32,2023-01-01 03:49:31,1,11.56
2023-01-05 03:27:37,2023-01-01 03:33:27,1,1.33
2023-01-05 03:34:24,2023-01-01 03:44:12,1,3.57
2023-01-05 03:06:32,2023-01-01 03:19:06,2,5.70
2023-01-05 03:44:18,2023-01-01 03:57:43,2,2.09
2023-01-05 03:12:42,2023-01-02 02:03:43,1,0.72
2023-01-05 03:49:01,2023-01-01 03:50:37,4,0.03
2023-01-05 03:35:44,2023-01-01 04:30:10,1,0.00
2023-01-05 03:21:05,2023-01-01 03:30:44,1,1.85
2023-01-05 03:33:02,2023-01-01 03:53:47,1,2.62
2023-01-05 03:31:58,2023-01-01 03:52:16,2,4.30
2023-01-05 03:08:39,2023-01-01 03:23:32,1,6.74
2023-01-05 03:11:03,2023-01-01 03:11:09,2,0.04
2023-01-05 03:28:59,2023-01-01 03:29:04,1,0.12
2023-01-05 03:07:37,2023-01-01 03:28:25,3,6.78
2023-01-05 04:20:54,2023-01-01 04:34:30,1,2.34
2023-01-05 03:03:35,2023-01-01 03:12:25,1,3.20
2023-01-05 03:26:34,2023-01-01 03:28:49,1,0.00
2023-01-05 03:16:26,2023-01-01 03:44:51,1,3.49
2023-01-05 03:11:11,2023-01-01 03:11:15,1,0.02
2023-01-05 03:06:36,2023-01-01 03:16:39,1,1.62
2023-01-05 03:47:45,2023-01-01 03:59:56,1,4.05
2023-01-05 03:31:30,2023-01-01 04:01:04,1,6.65
2023-01-05 03:34:40,2023-01-01 03:34:45,3,0.00
2023-01-05 02:58:07,2023-01-01 03:04:41,6,1.53
2023-01-05 03:11:48,2023-01-01 03:12:31,1,0.00
2023-01-05 03:19:20,2023-01-01 03:27:36,2,1.28
2023-01-05 03:07:45,2023-01-01 03:21:50,5,2.00
2023-01-05 03:09:41,2023-01-01 03:22:09,1,1.11
2023-01-05 03:39:38,2023-01-01 03:49:21,1,1.26
2023-01-05 03:47:15,2023-01-01 04:08:28,3,5.91
2023-01-05 03:45:36,2023-01-01 03:52:30,1,1.02
2023-01-05 03:14:01,2023-01-01 03:31:23,1,3.02
2023-01-06 03:45:57,2023-01-01 04:05:20,1,5.52
2023-01-06 03:48:48,2023-01-01 03:53:18,1,0.82
2023-01-06 03:16:19,2023-01-01 03:21:53,1,0.69
2023-01-06 03:15:28,2023-01-01 03:28:39,1,2.04
2023-01-06 03:04:31,2023-01-01 03:07:59,1,0.73
2023-01-06 03:13:30,2023-01-01 03:30:58,1,8.17
2023-01-06 03:44:23,2023-01-01 03:52:13,1,1.97
2023-01-06 03:19:58,2023-01-01 03:32:41,1,3.67
2023-01-06 03:41:04,2023-01-01 03:54:56,1,0.00
2023-01-06 03:22:41,2023-01-01 04:14:13,2,5.29
2023-01-06 03:16:39,2023-01-01 03:16:42,1,0.00
2023-01-06 03:09:23,2023-01-01 03:20:36,1,0.00
2023-01-06 03:55:21,2023-01-01 03:55:32,1,0.00
2023-01-06 03:33:20,2023-01-01 03:39:12,1,0.86
2023-01-06 04:35:58,2023-01-01 04:40:44,1,1.52
2023-01-06 04:50:07,2023-01-01 05:04:35,1,3.09
2023-01-06 04:10:25,2023-01-01 04:22:32,1,5.10
2023-01-06 04:42:07,2023-01-01 05:00:07,1,6.90
2023-01-06 04:25:49,2023-01-01 04:33:50,1,1.31
2023-01-06 04:21:35,2023-01-01 04:30:00,0,1.30
2023-01-06 04:53:28,2023-01-01 05:44:10,1,6.41
2023-01-06 04:44:12,2023-01-01 05:12:29,1,11.89
2023-01-06 04:56:36,2023-01-01 05:18:17,3,5.95
2023-01-06 04:37:26,2023-01-01 04:37:30,1,0.00
2023-01-06 04:18:51,2023-01-01 04:35:46,1,7.39
2023-01-06 04:57:31,2023-01-01 05:20:38,2,11.14
2023-01-06 04:02:21,2023-01-01 04:28:43,1,5.16
2023-01-06 04:03:36,2023-01-02 03:31:50,5,3.61
2023-01-06 04:28:24,2023-01-01 05:00:55,1,8.98
2023-01-06 04:03:13,2023-01-01 04:27:23,1,5.32
2023-01-06 04:27:54,2023-01-01 04:44:35,1,8.46
2023-01-06 04:17:12,2023-01-01 04:24:28,1,0.75
2023-01-06 04:37:45,2023-01-01 04:42:43,1,1.26
2023-01-06 03:50:22,2023-01-01 03:50:25,1,0.00
2023-01-06 04:48:17,2023-01-01 04:48:19,1,0.00
2023-01-06 04:17:32,2023-01-01 05:10:30,2,5.05
2023-01-06 04:17:31,2023-01-01 04:36:17,2,5.73
2023-01-06 04:51:22,2023-01-01 04:51:25,1,0.00
2023-01-06 04:07:07,2023-01-01 04:31:21,1,3.92
2023-01-06 04:10:23,2023-01-01 04:39:08,1,4.50
2023-01-06 04:09:57,2023-01-01 04:15:37,1,0.83
2023-01-06 04:34:02,2023-01-01 04:47:43,1,1.92
2023-01-06 05:01:20,2023-01-01 05:23:49,1,6.99
2023-01-06 05:21:07,2023-01-01 05:22:06,5,0.00
2023-01-06 05:40:32,2023-01-01 05:45:02,5,1.15
2023-01-06 05:10:55,2023-01-01 05:17:55,1,1.63
2023-01-06 05:25:07,2023-01-01 05:53:25,1,6.09
2023-01-06 05:13:15,2023-01-01 05:24:52,1,1.36
2023-01-06 05:29:35,2023-01-01 05:29:37,1,0.00
2023-01-06 05:00:07,2023-01-01 05:02:13,1,0.37
2023-01-06 05:16:49,2023-01-01 05:29:10,1,2.88
2023-01-06 05:44:20,2023-01-01 05:58:03,1,4.25
2023-01-06 05:34:37,2023-01-01 05:46:47,5,4.58
2023-01-06 05:51:55,2023-01-01 05:55:59,1,2.07
2023-01-06 05:01:33,2023-01-01 05:19:40,3,5.20
2023-01-06 05:51:25,2023-01-01 06:00:25,3,0.97
2023-01-07 05:04:56,2023-01-01 05:24:21,1,11.00
2023-01-07 06:51:04,2023-01-01 06:54:23,1,0.58
2023-01-07 07:02:38,2023-01-01 07:08:21,1,1.15
2023-01-07 06:46:08,2023-01-01 06:55:03,1,5.40
2023-01-07 06:56:40,2023-01-01 06:58:33,1,0.56
2023-01-07 06:04:55,2023-01-01 06:04:56,1,0.00
2023-01-07 06:36:05,2023-01-01 06:58:19,2,7.63
2022-12-07 14:10:49,2022-12-09 14:22:26,1,5.37
2023-01-07 06:50:44,2023-01-01 07:01:00,1,2.10
2023-01-07 06:46:18,2023-01-01 06:51:17,1,1.10
2023-01-07 06:18:50,2023-01-01 06:30:52,1,5.61
2023-01-07 07:57:43,2023-01-01 08:03:09,1,1.35
2023-01-07 07:38:05,2023-01-01 07:45:46,1,2.10
2023-01-07 07:24:16,2023-01-01 07:32:40,5,2.13
2023-01-07 07:46:35,2023-01-01 07:56:08,1,4.00
2023-01-07 07:37:45,2023-01-01 07:47:43,1,6.47
2023-01-07 07:22:22,2023-01-01 07:44:27,1,14.24
2023-01-07 07:33:16,2023-01-01 07:40:22,1,2.02
2023-01-07 07:05:31,2023-01-01 07:25:13,1,4.80
2023-01-07 07:49:20,2023-01-01 07:57:47,1,2.26
2023-01-08 07:38:12,2023-01-01 07:43:04,2,0.67
2023-01-08 07:56:06,2023-01-01 08:22:01,1,15.52
2023-01-08 07:57:54,2023-01-01 08:15:47,1,7.77
2023-01-08 07:25:41,2023-01-01 07:39:25,2,10.36
2023-01-08 07:47:02,2023-01-01 08:18:40,2,7.68
2023-01-08 07:06:58,2023-01-01 07:23:19,1,0.00
2023-01-08 07:46:25,2023-01-01 07:50:15,1,1.20
2022-12-08 14:55:42,2022-12-09 15:33:06,1,5.48
2023-01-08 07:38:12,2023-01-01 07:46:16,1,1.95
2023-01-08 07:52:09,2023-01-01 07:56:18,1,0.69
2023-01-08 07:22:01,2023-01-01 07:32:33,1,5.19
2023-01-08 08:47:30,2023-01-01 08:56:31,1,1.78
2023-01-08 08:15:05,2023-01-01 08:37:08,1,12.43
2023-01-08 08:20:36,2023-01-01 08:23:40,1,0.62
2023-01-08 08:03:22,2023-01-01 08:12:09,1,2.00
2023-01-08 08:38:00,2023-01-01 08:49:01,1,2.80
2023-01-08 09:03:23,2023-01-01 09:13:14,1,2.95
2023-01-08 08:10:55,2023-01-01 08:16:16,5,0.85
2023-01-08 08:35:58,2023-01-01 08:41:47,5,0.54
2023-01-08 08:54:25,2023-01-01 08:58:42,1,0.59
2023-01-08 08:24:05,2023-01-01 08:31:50,1,1.09
2023-01-08 08:15:18,2023-01-01 08:37:43,1,3.67
2023-01-08 08:14:02,2023-01-01 08:28:29,1,4.79
2023-01-08 08:54:38,2023-01-01 08:58:21,1,0.76
2023-01-08 08:34:05,2023-01-01 08:45:14,1,7.10
2023-01-08 08:38:39,2023-01-01 08:43:56,1,2.20
2023-01-08 08:52:53,2023-01-01 09:00:01,1,3.12
2023-01-08 08:30:08,2023-01-01 08:59:43,1,3.66
2023-01-08 08:04:03,2023-01-01 08:18:32,1,4.00
2023-01-08 08:44:50,2023-01-01 09:03:27,1,9.40
2023-01-08 08:56:08,2023-01-01 09:03:44,1,1.13
2023-01-08 08:48:40,2023-01-01 08:48:49,2,0.02
2023-01-08 08:23:48,2023-01-01 08:39:43,1,4.40
2023-01-08 08:58:46,2023-01-01 09:02:26,1,0.87
2023-01-08 08:10:36,2023-01-01 08:16:46,1,1.70
2023-01-08 09:04:00,2023-01-01 09:09:59,1,1.27
2023-01-08 09:52:13,2023-01-01 09:58:41,1,1.69
2023-01-08 09:16:18,2023-01-01 09:26:20,1,2.89
2023-01-08 09:48:14,2023-01-01 09:51:26,1,1.31
2023-01-08 09:37:48,2023-01-01 09:40:23,1,1.13
2023-01-08 09:41:22,2023-01-01 09:49:35,1,4.02
2023-01-09 09:51:31,2023-01-01 09:56:04,1,1.08
2023-01-09 09:35:12,2023-01-01 09:47:56,1,0.00
2023-01-09 09:16:38,2023-01-01 09:21:26,1,1.00
2023-01-09 09:02:00,2023-01-01 09:03:56,1,0.90
2023-01-09 09:46:28,2023-01-01 09:53:38,1,1.60
2023-01-09 09:28:50,2023-01-01 09:42:14,1,3.50
2023-01-09 09:38:32,2023-01-01 09:43:57,1,1.22
2023-01-09 10:00:26,2023-01-01 10:03:14,1,0.55
2023-01-09 09:50:23,2023-01-01 09:54:53,5,0.95
2023-01-09 09:40:30,2023-01-01 10:01:41,1,4.31
2023-01-09 09:27:56,2023-01-01 09:37:08,1,2.73
2023-01-09 09:44:55,2023-01-01 09:52:13,1,1.56
2023-01-09 09:35:30,2023-01-01 09:46:07,1,5.88
2023-01-09 09:59:31,2023-01-01 10:06:34,1,2.35
2023-01-09 09:32:15,2023-01-01 09:38:45,1,2.07
2023-01-09 09:06:58,2023-01-01 09:16:43,1,4.30
2023-01-09 09:09:14,2023-01-01 09:12:50,1,0.87
2023-01-09 09:46:24,2023-01-01 09:55:51,1,1.65
2023-01-09 09:34:40,2023-01-01 09:49:00,1,2.58
2023-01-09 09:59:24,2023-01-01 10:09:00,1,2.84
2023-01-09 09:25:34,2023-01-01 09:34:12,1,2.04
2023-01-09 09:02:35,2023-01-01 09:46:42,1,9.49
2023-01-09 09:14:47,2023-01-01 09:36:22,1,0.00
2023-01-09 09:01:41,2023-01-01 09:06:34,1,1.50
2023-01-09 09:07:52,2023-01-01 09:15:49,1,2.00
2023-01-09 09:41:28,2023-01-01 09:46:27,1,1.50
2023-01-09 09:22:08,2023-01-01 09:25:22,1,0.57
2023-01-09 09:36:20,2023-01-01 09:50:36,1,2.50
2023-01-09 09:55:26,2023-01-01 10:04:28,1,1.88
2023-01-09 09:07:04,2023-01-01 09:12:41,1,1.16
2023-01-09 09:10:17,2023-01-01 09:24:30,1,3.85
2023-01-09 09:36:59,2023-01-01 09:45:30,1,4.14
2023-01-09 10:09:25,2023-01-01 10:35:59,2,4.10
2023-01-09 10:17:00,2023-01-01 10:21:31,1,0.73
2023-01-09 10:39:35,2023-01-01 10:51:47,1,1.99
2023-01-09 10:54:14,2023-01-01 11:13:52,1,6.67
2023-01-09 10:11:27,2023-01-01 10:20:25,1,2.22
2023-01-09 10:36:22,2023-01-01 10:42:56,1,1.04
2023-01-09 10:55:18,2023-01-01 10:58:40,1,0.58
2023-01-09 10:17:11,2023-01-01 10:29:44,1,2.40
2023-01-09 10:28:24,2023-01-01 10:37:51,1,1.88
2023-01-09 10:48:44,2023-01-01 10:55:22,1,1.71
2023-01-09 10:19:28,2023-01-01 10:25:42,5,1.48
2023-01-09 10:54:54,2023-01-01 11:02:29,5,1.75
2023-01-09 10:39:48,2023-01-01 10:58:24,1,6.49
2023-01-09 10:41:13,2023-01-01 10:59:50,6,10.00
2023-01-09 10:28:22,2023-01-01 10:33:29,1,1.12
2023-01-09 10:07:56,2023-01-01 10:17:37,1,2.41
2023-01-09 10:37:15,2023-01-01 10:42:46,1,1.81
2023-01-09 10:58:28,2023-01-01 11:01:14,1,0.72
2023-01-09 10:15:56,2023-01-01 10:23:04,1,1.48
2023-01-09 10:20:06,2023-01-01 10:33:47,1,2.44
2023-01-09 10:34:12,2023-01-01 10:52:12,1,6.99
2023-01-09 10:10:27,2023-01-01 10:20:49,1,1.68
2023-01-09 10:32:18,2023-01-01 10:36:24,1,1.43
2023-01-09 10:27:00,2023-01-01 10:48:38,1,0.00
2023-01-09 10:53:05,2023-01-01 11:04:51,3,2.66
2023-01-09 10:50:28,2023-01-01 11:13:33,1,9.31
2023-01-09 10:53:41,2023-01-01 10:59:35,1,0.79
2023-01-09 10:36:41,2023-01-01 10:50:04,1,3.10
2023-01-09 10:07:51,2023-01-01 10:26:09,1,11.18
2023-01-10 10:51:55,2023-01-01 11:03:28,1,4.64
2023-01-10 10:26:36,2023-01-01 10:46:05,1,8.76
2023-01-10 10:49:58,2023-01-01 11:07:00,1,4.35
2023-01-10 10:39:54,2023-01-01 10:45:44,6,1.10
2023-01-10 10:59:06,2023-01-01 11:07:52,6,2.64
2023-01-10 10:31:36,2023-01-01 10:39:29,1,1.42
2023-01-10 10:10:35,2023-01-01 10:19:55,1,4.24
2023-01-10 10:51:32,2023-01-01 11:04:07,1,2.66
2023-01-10 11:15:21,2023-01-01 11:24:04,1,2.13
2023-01-10 11:18:13,2023-01-01 11:22:21,1,1.19
2023-01-10 11:48:50,2023-01-01 11:56:34,1,1.69
2023-01-10 11:56:35,2023-01-01 12:00:26,1,0.63
2023-01-10 11:37:30,2023-01-01 12:24:00,3,0.00
2023-01-10 11:07:36,2023-01-01 11:14:46,1,1.36
2023-01-10 11:24:45,2023-01-01 11:27:06,1,0.63
2023-01-10 11:28:29,2023-01-01 11:38:05,1,1.82
2023-01-10 11:40:55,2023-01-01 11:49:26,1,1.49
2023-01-10 10:59:46,2023-01-01 11:10:08,1,3.24
2023-01-10 11:33:27,2023-01-01 11:43:08,1,1.71
2023-01-10 11:34:27,2023-01-01 11:49:43,1,3.10
2023-01-10 11:13:46,2023-01-01 11:31:19,1,6.96
2023-01-10 11:26:21,2023-01-01 11:39:12,5,2.67
2023-01-10 11:56:25,2023-01-01 12:06:22,3,2.81
2023-01-10 11:53:23,2023-01-01 11:57:27,2,0.78
2023-01-10 11:38:43,2023-01-01 11:43:54,6,1.20
2023-01-10 11:18:06,2023-01-01 11:21:14,1,0.62
2023-01-10 11:33:43,2023-01-01 11:44:25,1,2.79
2023-01-10 11:27:15,2023-01-01 11:34:59,1,1.70
2023-01-10 11:10:40,2023-01-01 11:14:39,1,1.96
2023-01-10 11:40:17,2023-01-01 11:54:00,1,7.33
2023-01-10 11:57:14,2023-01-01 12:06:18,1,2.11
2023-01-10 11:36:31,2023-01-01 11:49:45,1,2.90
2023-01-10 11:12:17,2023-01-01 11:35:38,1,7.55
2023-01-10 11:42:13,2023-01-01 11:49:21,0,1.20
2023-01-10 11:22:34,2023-01-01 11:25:34,1,0.45
2023-01-10 11:36:19,2023-01-01 11:55:09,1,3.90
2023-01-10 11:32:55,2023-01-01 11:54:37,1,4.90
2023-01-10 11:35:56,2023-01-01 11:40:30,1,1.10
2023-01-10 11:51:48,2023-01-01 11:56:19,1,0.70
2023-01-10 11:48:36,2023-01-01 11:53:59,1,1.13
2023-01-10 11:51:42,2023-01-01 12:01:18,1,2.11
2023-01-10 11:34:26,2023-01-01 11:49:44,1,4.35
2023-01-10 11:47:17,2023-01-01 11:49:43,1,0.43
2023-01-10 11:40:14,2023-01-01 11:40:34,1,0.00
2023-01-10 11:41:18,2023-01-01 12:22:07,1,12.37
2023-01-10 11:25:35,2023-01-01 11:36:00,1,3.21
2023-01-10 11:51:18,2023-01-01 11:59:40,1,1.24
2023-01-10 11:22:06,2023-01-01 11:36:04,1,3.40
2023-01-10 11:24:35,2023-01-01 11:28:51,1,1.03
2023-01-10 11:42:27,2023-01-01 11:50:39,1,1.14
2023-01-10 11:04:28,2023-01-01 11:10:05,1,1.27
2023-01-12 11:04:48,2023-01-01 11:21:02,1,4.31
2023-01-12 11:54:54,2023-01-01 12:06:08,1,3.59
2023-01-12 11:54:27,2023-01-01 12:02:20,1,1.40
2023-01-12 10:59:56,2023-01-01 11:08:07,1,1.56
2023-01-12 11:41:32,2023-01-01 11:55:02,1,7.38
2023-01-12 11:40:34,2023-01-01 11:47:39,1,2.46
2023-01-12 11:55:10,2023-01-01 12:12:28,1,5.30
2023-01-12 11:09:23,2023-01-01 11:24:46,1,3.20
2023-01-12 11:43:04,2023-01-01 11:53:57,1,2.32
2023-01-12 11:02:38,2023-01-01 11:09:33,1,1.20
2023-01-12 11:52:41,2023-01-01 12:04:04,1,1.96
2023-01-12 11:46:42,2023-01-01 11:58:41,1,1.95
2023-01-12 11:10:46,2023-01-01 11:52:44,1,20.55
2023-01-12 11:40:45,2023-01-01 11:59:08,6,3.36
2023-01-12 11:32:40,2023-01-01 11:42:50,1,2.36
2023-01-12 11:49:14,2023-01-01 12:07:20,1,7.80
2023-01-12 11:22:00,2023-01-01 11:28:51,1,2.57
2023-01-12 11:45:52,2023-01-01 12:02:29,1,8.24
2023-01-12 11:26:46,2023-01-01 11:42:14,1,6.93
2023-01-12 11:01:44,2023-01-01 11:10:16,1,1.71
2023-01-12 11:49:16,2023-01-01 12:03:00,5,2.17
2023-01-12 10:57:21,2023-01-01 11:10:49,1,4.15
2023-01-12 12:11:05,2023-01-01 12:20:45,0,3.40
2023-01-12 12:56:11,2023-01-01 13:01:06,0,1.20
2023-01-12 12:18:30,2023-01-01 12:22:54,1,0.44
2023-01-12 12:35:11,2023-01-01 12:40:50,1,1.10
2023-01-12 12:31:10,2023-01-01 12:40:01,1,1.11
2023-01-12 12:23:45,2023-01-01 12:28:56,1,1.59
2023-01-12 12:07:09,2023-01-01 12:13:26,1,1.40
2023-01-12 12:14:48,2023-01-01 12:24:40,1,2.10
2023-01-12 12:49:35,2023-01-01 12:51:49,3,0.90
2023-01-12 11:57:53,2023-01-01 12:14:21,2,4.97
2023-01-12 12:22:25,2023-01-01 12:26:13,2,1.17
2023-01-12 12:35:56,2023-01-01 12:45:46,1,3.20
2023-01-12 12:53:42,2023-01-01 13:02:59,1,2.71
2023-01-12 12:28:28,2023-01-01 12:35:54,1,2.08
2023-01-12 12:57:21,2023-01-01 13:06:34,1,2.79
2023-01-12 12:04:41,2023-01-01 12:26:13,1,3.20
2023-01-12 12:33:07,2023-01-01 12:39:08,1,1.47
2023-01-12 12:30:11,2023-01-01 12:43:54,1,3.11
2023-01-12 12:09:49,2023-01-01 12:24:09,1,3.08
2023-01-12 13:01:05,2023-01-01 13:15:33,1,3.62
2023-01-12 12:57:27,2023-01-01 13:06:09,1,1.48
2023-01-12 12:04:03,2023-01-01 12:21:54,1,6.04
2023-01-12 12:41:44,2023-01-01 12:59:28,1,9.93
2023-01-12 12:48:29,2023-01-01 12:56:09,1,1.39
2023-01-12 12:30:23,2023-01-01 12:40:57,1,2.20
2023-01-12 12:05:13,2023-01-01 12:16:02,1,2.31
2023-01-12 12:02:28,2023-01-01 12:02:59,1,3.40
2023-01-12 12:24:33,2023-01-01 12:34:05,1,1.87
2023-01-12 12:52:34,2023-01-01 13:00:42,1,1.67
2023-01-12 12:08:58,2023-01-01 12:11:18,1,0.80
2023-01-12 12:17:55,2023-01-01 12:21:22,1,0.80
2023-01-12 12:29:37,2023-01-01 12:37:49,1,1.50
2023-01-12 12:39:56,2023-01-01 12:54:27,1,2.70
2023-01-12 12:16:24,2023-01-01 12:36:29,1,3.35
2023-01-12 12:22:03,2023-01-01 12:39:34,1,1.94
2023-01-12 12:00:41,2023-01-01 12:11:43,2,1.51
2023-01-12 12:34:12,2023-01-01 12:52:53,1,0.00
2023-01-12 12:09:16,2023-01-01 12:18:48,1,1.78
2023-01-12 12:20:12,2023-01-01 12:31:02,1,2.32
2023-01-12 12:45:43,2023-01-01 12:51:05,1,0.70
2023-01-12 12:57:07,2023-01-01 13:08:29,1,3.02
2023-01-12 12:28:29,2023-01-01 12:41:31,1,2.12
2023-01-12 12:43:11,2023-01-01 13:04:53,1,4.36
2023-01-12 12:17:10,2023-01-01 12:40:23,1,6.80
2023-01-12 12:31:20,2023-01-01 12:36:45,1,0.88
2023-01-12 12:58:07,2023-01-01 13:04:17,1,1.50
2023-01-12 12:46:53,2023-01-01 12:51:14,1,0.74
2023-01-12 12:53:13,2023-01-01 12:56:43,1,1.07
2023-01-12 12:56:41,2023-01-01 13:07:24,1,2.50
2023-01-12 12:21:16,2023-01-01 12:37:48,1,3.66
2023-01-13 12:56:14,2023-01-01 13:07:07,1,1.97
2023-01-13 12:09:16,2023-01-01 12:19:05,1,0.00
2023-01-13 12:35:14,2023-01-01 12:41:44,1,1.12
2023-01-13 12:46:17,2023-01-01 12:51:30,1,0.96
2023-01-13 12:47:13,2023-01-01 13:03:39,1,5.23
2023-01-13 12:34:44,2023-01-01 12:49:07,1,2.68
2023-01-13 12:10:33,2023-01-01 12:13:41,6,0.47
2023-01-13 12:52:10,2023-01-01 13:06:50,6,2.57
2023-01-13 12:43:43,2023-01-01 12:53:13,1,1.58
2023-01-13 12:53:04,2023-01-01 14:10:09,1,4.26
2023-01-13 12:49:35,2023-01-01 12:59:31,1,1.97
2023-01-13 11:34:36,2023-01-01 11:42:43,1,2.09
2023-01-13 13:43:17,2023-01-01 14:13:53,1,7.53
2023-01-13 13:33:00,2023-01-01 13:35:39,1,0.90
2023-01-13 13:50:24,2023-01-01 14:11:40,1,2.91
2023-01-13 13:51:59,2023-01-01 13:57:38,1,1.25
2023-01-13 13:43:23,2023-01-01 13:57:20,1,3.32
2023-01-13 13:37:59,2023-01-01 14:06:07,1,7.70
2023-01-13 13:50:56,2023-01-01 13:56:51,1,1.22
2023-01-13 13:42:39,2023-01-01 13:58:44,1,3.16
2023-01-13 13:07:46,2023-01-01 19:45:18,1,16.00
2023-01-13 13:07:25,2023-01-01 13:15:58,1,2.43
2023-01-13 13:13:22,2023-01-01 13:24:05,1,2.49
2023-01-13 14:04:05,2023-01-01 14:21:01,1,8.78
2023-01-13 13:09:14,2023-01-01 13:16:32,4,2.36
2023-01-13 13:45:35,2023-01-01 13:59:58,3,6.68
2023-01-13 13:41:31,2023-01-01 13:52:49,1,2.80
2023-01-13 13:27:31,2023-01-01 13:43:29,1,2.88
2023-01-13 13:02:45,2023-01-01 13:11:38,1,2.55
2023-01-13 13:10:37,2023-01-01 13:15:55,1,0.77
2023-01-13 13:24:24,2023-01-01 13:35:34,1,2.22
2023-01-13 13:42:31,2023-01-01 13:50:41,1,1.55
2023-01-13 13:12:26,2023-01-01 13:21:12,1,1.92
2023-01-13 13:13:59,2023-01-01 13:23:15,1,1.88
2023-01-13 13:21:42,2023-01-01 13:38:27,1,4.68
2023-01-13 13:24:10,2023-01-01 13:37:03,1,3.27
2023-01-13 13:58:53,2023-01-01 14:13:33,1,3.80
2023-01-03 13:46:11,2023-01-01 13:57:07,1,3.02
2023-01-03 13:44:04,2023-01-01 14:06:47,2,6.50
2023-01-03 13:40:10,2023-01-01 14:04:09,1,5.20
2023-01-03 13:31:02,2023-01-01 13:38:16,2,1.49
2023-01-03 13:45:29,2023-01-01 14:25:06,2,27.61
2023-01-03 13:25:40,2023-01-01 13:34:51,1,2.99
2023-01-03 12:10:13,2023-01-01 12:18:50,1,2.01
2023-01-03 12:25:05,2023-01-01 12:34:55,1,1.61
2023-01-03 13:35:27,2023-01-01 13:41:20,1,1.32
2023-01-03 13:21:34,2023-01-01 13:35:56,1,3.34
2023-01-03 13:51:11,2023-01-01 13:55:23,1,0.65
2023-01-03 13:29:22,2023-01-01 13:41:44,1,2.50
2023-01-03 13:22:43,2023-01-01 14:02:23,1,12.65
2023-01-03 13:03:40,2023-01-01 13:08:49,1,1.12
2023-01-03 13:50:15,2023-01-01 13:56:10,4,0.60
2023-01-03 13:20:48,2023-01-01 13:30:48,2,0.96
2023-01-03 13:31:23,2023-01-01 13:32:50,1,0.60
2023-01-03 13:49:39,2023-01-01 13:57:43,1,2.14
2023-01-03 13:44:07,2023-01-01 14:02:06,1,0.00
2023-01-03 13:12:54,2023-01-01 13:32:10,1,4.50
2023-01-03 13:37:49,2023-01-01 13:41:58,1,1.01
2023-01-03 13:19:44,2023-01-01 13:26:41,1,1.03
2023-01-03 13:45:49,2023-01-01 14:08:32,4,17.25
2023-01-03 13:31:05,2023-01-01 13:36:10,1,0.92
2023-01-03 13:30:02,2023-01-01 13:33:36,1,0.66
2023-01-03 13:35:52,2023-01-01 13:40:09,1,0.84
2023-01-03 13:57:13,2023-01-01 14:12:56,1,3.11
2023-01-03 13:39:56,2023-01-01 14:01:50,1,5.47
2023-01-03 13:01:33,2023-01-01 13:08:29,1,1.75
2023-01-03 13:30:28,2023-01-01 13:40:35,1,2.83
2023-01-03 13:58:09,2023-01-01 14:06:26,1,2.04
2023-01-03 13:27:52,2023-01-01 13:37:55,2,2.70
2023-01-03 13:34:07,2023-01-01 13:50:46,1,3.80
2023-01-03 13:25:00,2023-01-01 13:34:07,1,1.76
2023-01-03 13:03:56,2023-01-01 13:15:19,1,4.11
2023-01-03 13:17:20,2023-01-01 13:24:51,1,0.83
2023-01-03 13:32:45,2023-01-01 13:46:27,1,5.32
2023-01-03 13:29:03,2023-01-01 13:33:26,1,0.82
2023-01-03 13:41:00,2023-01-01 13:50:16,6,1.93
2023-01-03 13:37:34,2023-01-01 13:43:25,1,1.31
2023-01-03 13:33:30,2023-01-01 13:38:41,1,1.14
2023-01-03 13:50:22,2023-01-01 14:06:14,1,2.97
2023-01-03 14:09:42,2023-01-01 14:19:34,1,1.52
2023-01-03 14:00:37,2023-01-01 14:08:25,1,1.61
2023-01-05 14:34:18,2023-01-01 14:47:05,2,2.00
2023-01-05 14:08:09,2023-01-01 14:12:47,1,0.80
2023-01-05 14:36:41,2023-01-01 14:50:01,4,1.90
2023-01-05 14:34:05,2023-01-01 14:42:32,1,1.30
2023-01-05 14:07:54,2023-01-01 14:21:35,1,3.45
2023-01-05 14:57:43,2023-01-01 15:09:42,1,2.74
2023-01-05 14:10:14,2023-01-01 14:22:27,0,2.90
2023-01-05 14:32:32,2023-01-01 14:50:37,1,3.73
2023-01-05 14:43:09,2023-01-01 14:55:14,2,1.93
2023-01-05 14:07:19,2023-01-01 14:14:24,1,1.15
2023-01-05 14:07:11,2023-01-01 14:20:26,1,2.32
2023-01-05 14:44:40,2023-01-01 14:49:21,1,0.49
2023-01-05 14:14:41,2023-01-01 14:26:26,1,1.52
2023-01-05 14:13:23,2023-01-01 14:21:44,1,1.04
2023-01-05 14:44:54,2023-01-01 14:49:52,1,0.50
2023-01-05 14:54:31,2023-01-01 15:09:51,1,4.70
2023-01-05 14:36:50,2023-01-01 14:50:28,1,3.17
2023-01-05 14:07:39,2023-01-01 14:19:19,1,2.07
2023-01-05 12:29:17,2023-01-02 11:52:01,1,3.61
2023-01-05 15:01:46,2023-01-01 15:04:48,1,0.54
2023-01-05 14:33:27,2023-01-01 14:44:55,1,2.01
2023-01-05 14:51:01,2023-01-01 15:24:36,1,18.45
2023-01-05 14:36:40,2023-01-01 14:49:12,1,2.05
2023-01-05 14:36:51,2023-01-01 14:54:20,1,3.09
2023-01-05 14:03:19,2023-01-01 14:32:06,4,6.30
2023-01-05 14:59:43,2023-01-01 15:08:51,1,3.78
2023-01-05 14:49:18,2023-01-01 14:59:35,1,0.00
2023-01-05 14:05:22,2023-01-01 14:13:27,1,2.00
2023-01-05 14:33:59,2023-01-01 14:47:14,1,2.58
2023-01-05 14:48:41,2023-01-01 14:56:53,1,1.21
2023-01-05 14:29:19,2023-01-01 14:37:59,1,2.07
2023-01-05 13:34:51,2023-01-01 13:59:58,1,1.86
2023-01-05 14:18:52,2023-01-01 14:25:26,1,1.19
2023-01-05 14:28:59,2023-01-01 14:29:06,2,0.01
2023-01-05 14:27:31,2023-01-01 14:35:56,1,1.89
2023-01-05 14:33:31,2023-01-01 14:40:12,1,1.55
2023-01-05 14:06:35,2023-01-01 14:18:44,1,4.10
2023-01-05 14:32:16,2023-01-01 14:38:38,1,1.69
2023-01-05 15:03:01,2023-01-01 15:10:38,1,2.05
2023-01-05 14:13:36,2023-01-01 14:25:24,1,2.10
2023-01-05 14:28:35,2023-01-01 14:34:58,1,1.55
2023-01-05 14:29:39,2023-01-01 14:35:45,1,1.00
2023-01-05 14:42:14,2023-01-01 14:49:36,1,2.12
2023-01-09 14:05:50,2023-01-01 14:36:50,1,0.00
2023-01-09 14:39:02,2023-01-01 14:54:08,1,7.36
2023-01-09 14:58:13,2023-01-01 14:58:39,2,0.17
2023-01-09 14:07:35,2023-01-01 14:21:00,1,2.31
2023-01-09 14:40:46,2023-01-01 14:53:36,1,2.35
2023-01-09 14:49:49,2023-01-01 14:58:18,1,1.66
2023-01-09 14:46:03,2023-01-01 14:58:11,1,3.27
2023-01-09 14:45:54,2023-01-01 14:57:08,1,1.99
2023-01-09 14:14:42,2023-01-01 14:48:39,1,7.93
2023-01-09 14:29:14,2023-01-01 14:29:23,1,0.00
2023-01-09 14:13:54,2023-01-01 14:29:07,1,2.70
2023-01-09 14:03:22,2023-01-01 14:30:39,1,6.24
2023-01-09 14:15:36,2023-01-01 14:28:44,6,3.77
2023-01-09 14:36:18,2023-01-01 14:56:46,1,4.43
2023-01-09 14:28:36,2023-01-01 14:36:03,1,1.86
2023-01-09 14:43:54,2023-01-01 14:51:16,1,0.99
2023-01-09 14:31:40,2023-01-01 14:51:46,1,3.65
2023-01-09 14:32:54,2023-01-01 14:51:06,1,4.85
2023-01-09 14:35:57,2023-01-01 15:01:48,1,13.38
2023-01-09 13:33:56,2023-01-01 13:47:46,1,2.87
2023-01-09 14:00:18,2023-01-01 14:08:54,1,1.81
2023-01-09 15:02:22,2023-01-01 15:15:07,1,3.16
2023-01-09 15:32:43,2023-01-01 15:45:06,1,2.71
2023-01-09 15:10:12,2023-01-01 15:20:45,2,2.20
2023-01-09 15:39:50,2023-01-01 15:47:58,1,1.40
2023-01-09 16:00:04,2023-01-01 16:15:36,1,2.93
2023-01-09 15:42:48,2023-01-01 15:56:13,1,2.54
2023-01-09 15:39:08,2023-01-01 15:39:37,1,0.00
2023-01-09 15:40:17,2023-01-01 16:13:14,2,17.30
2023-01-09 15:12:02,2023-01-01 15:17:39,1,1.15
2023-01-09 14:59:35,2023-01-01 15:57:23,1,23.58
2023-01-09 15:46:36,2023-01-01 16:08:51,1,5.42
2023-01-09 15:24:29,2023-01-01 16:02:30,1,16.40
2023-01-09 15:25:59,2023-01-01 15:31:51,1,1.20
2023-01-09 15:58:52,2023-01-01 16:13:56,1,2.70
2023-01-09 15:17:36,2023-01-01 15:25:37,1,1.97
2023-01-09 15:35:19,2023-01-01 15:48:21,1,1.90
2023-01-09 15:59:28,2023-01-01 16:12:40,2,2.60
2023-01-09 15:37:37,2023-01-01 15:57:36,5,3.89
2023-01-09 15:26:30,2023-01-01 15:40:19,1,2.90
2023-01-09 15:57:29,2023-01-01 16:07:03,1,1.84
2023-01-09 15:38:44,2023-01-01 15:49:05,1,1.77
2023-01-09 15:23:07,2023-01-01 15:43:11,1,3.25
2023-01-09 15:07:45,2023-01-01 15:14:30,1,1.27
2023-01-09 15:37:57,2023-01-01 15:47:31,1,1.86
2023-01-09 15:22:03,2023-01-01 15:35:54,1,2.94
2023-01-09 15:32:45,2023-01-01 15:41:09,1,1.97
2023-01-09 15:53:19,2023-01-01 16:04:39,1,1.86
2023-01-09 15:29:01,2023-01-01 15:40:50,1,2.84
2023-01-09 15:53:33,2023-01-01 16:25:31,1,4.80
2023-01-09 15:01:54,2023-01-01 15:13:31,0,4.10
2023-01-09 15:38:01,2023-01-01 16:41:37,0,13.50
2023-01-02 15:08:08,2023-01-01 15:38:32,1,18.99
2023-01-02 15:47:16,2023-01-01 16:36:45,2,10.07
2023-01-02 15:32:41,2023-01-01 15:42:42,2,2.45
2023-01-02 14:59:40,2023-01-01 15:09:03,1,2.24
2023-01-02 15:21:15,2023-01-01 15:21:20,1,0.01
2023-01-02 15:21:27,2023-01-01 15:28:29,1,1.68
2023-01-02 15:37:56,2023-01-01 15:49:19,1,2.52
2023-01-02 15:22:33,2023-01-01 15:33:13,1,1.76
2023-01-02 15:59:34,2023-01-01 16:14:29,1,2.57
2023-01-02 15:33:41,2023-01-01 15:38:01,1,0.83
2023-01-02 16:58:45,2023-01-01 17:02:51,1,0.78
2023-01-02 15:37:58,2023-01-01 15:53:24,1,4.20
2023-01-02 15:02:52,2023-01-01 15:09:06,1,1.86
2023-01-02 15:54:45,2023-01-01 16:00:23,1,0.90
2023-01-02 15:10:39,2023-01-01 15:21:51,1,1.74
2023-01-02 15:36:15,2023-01-01 15:50:13,1,2.50
2023-01-02 15:36:43,2023-01-01 15:41:34,1,0.84
2023-01-02 12:28:37,2023-01-01 12:40:29,1,2.34
2023-01-02 15:25:07,2023-01-01 15:30:13,1,1.99
2023-01-02 15:46:43,2023-01-01 15:50:14,2,0.41
2023-01-02 15:55:38,2023-01-01 15:56:38,2,0.11
2023-01-02 15:27:44,2023-01-01 15:52:34,1,3.48
2023-01-02 15:29:25,2023-01-01 15:49:55,1,3.51
2023-01-02 15:22:43,2023-01-01 15:33:35,1,2.52
2023-01-02 15:51:08,2023-01-01 16:03:32,2,2.92
2023-01-02 15:25:02,2023-01-01 15:36:43,1,1.95
2023-01-02 15:22:20,2023-01-02 00:00:00,1,1.37
2023-01-02 15:39:02,2023-01-01 15:50:09,1,2.29
2023-01-02 15:01:22,2023-01-01 15:10:48,1,2.05
2023-01-02 15:59:01,2023-01-01 16:06:54,1,1.55
2023-01-02 15:35:02,2023-01-01 15:44:42,1,1.78
2023-01-02 15:02:09,2023-01-01 15:10:09,1,1.26
2023-01-02 15:37:09,2023-01-01 15:50:29,1,2.40
2023-01-02 15:03:34,2023-01-01 15:16:12,1,3.23
2023-01-02 15:27:09,2023-01-01 15:50:19,1,4.84
2023-01-02 15:13:06,2023-01-01 15:20:31,2,1.23
2023-01-02 15:23:21,2023-01-01 15:31:12,2,1.70
2023-01-02 15:41:13,2023-01-01 15:47:02,2,1.21
2023-01-02 15:47:50,2023-01-01 16:19:27,1,6.50
2023-01-08 15:02:39,2023-01-01 15:06:26,1,1.10
2023-01-08 15:28:27,2023-01-01 15:38:16,1,2.60
2023-01-08 15:26:28,2023-01-01 15:36:44,1,2.57
2023-01-08 15:45:32,2023-01-01 15:58:26,1,3.30
2023-01-08 15:39:04,2023-01-01 15:58:57,1,4.47
2023-01-08 15:33:53,2023-01-01 15:34:13,1,0.00
2023-01-08 15:34:52,2023-01-01 15:43:49,1,1.51
2023-01-08 15:44:59,2023-01-01 15:54:53,1,1.78
2023-01-08 15:38:08,2023-01-01 15:44:56,1,1.43
2023-01-08 15:32:38,2023-01-01 15:43:13,6,2.33
2023-01-08 15:53:10,2023-01-01 15:57:00,6,0.94
2023-01-08 15:26:35,2023-01-01 15:37:29,1,1.93
2023-01-08 15:58:59,2023-01-01 16:14:34,1,2.89
2023-01-08 15:40:50,2023-01-01 15:45:23,1,0.68
2023-01-08 15:49:52,2023-01-01 16:04:09,1,2.74
2023-01-08 15:21:00,2023-01-01 15:23:57,1,0.71
2023-01-08 15:42:24,2023-01-01 15:49:50,1,0.83
2023-01-08 15:33:05,2023-01-01 16:03:34,1,1.15
2023-01-08 15:03:21,2023-01-01 15:28:10,1,5.10
2023-01-08 15:19:17,2023-01-01 15:33:06,2,3.58
2023-01-08 15:00:33,2023-01-01 15:15:32,1,2.71
2023-01-08 15:32:51,2023-01-01 15:42:46,1,2.89
2023-01-08 15:34:10,2023-01-01 15:49:35,5,3.31
2023-01-08 14:36:37,2023-01-01 15:02:00,1,3.95
2023-01-08 16:16:17,2023-01-01 16:23:54,1,2.40
2023-01-08 16:40:16,2023-01-01 16:54:03,0,3.40
2023-01-08 16:38:36,2023-01-01 16:50:52,1,2.55
2023-01-08 16:04:36,2023-01-01 16:23:15,1,3.48
2023-01-08 16:18:00,2023-01-01 16:26:30,1,1.80
2023-01-08 16:02:37,2023-01-01 16:19:18,1,2.99
2023-01-08 16:36:15,2023-01-01 16:43:25,1,1.37
2023-01-08 16:51:33,2023-01-01 16:56:30,1,0.91
2023-01-08 16:19:39,2023-01-01 16:23:40,1,1.03
2023-01-08 16:38:34,2023-01-01 16:50:09,1,1.78
2023-01-08 16:02:54,2023-01-01 16:08:51,1,1.14
2023-01-08 16:32:22,2023-01-01 16:42:52,1,1.40
2023-01-08 16:59:39,2023-01-01 17:07:05,1,2.18
2023-01-08 16:27:34,2023-01-01 16:34:27,2,1.24
2023-01-08 16:37:23,2023-01-01 16:42:32,2,0.90
2023-01-08 16:03:59,2023-01-01 16:11:24,6,1.60
2023-01-08 16:07:15,2023-01-01 16:19:17,1,2.71
2023-01-08 15:37:57,2023-01-01 16:11:33,1,0.00
2023-01-08 16:20:22,2023-01-01 16:20:24,1,0.02
2023-01-08 16:32:36,2023-01-01 17:03:22,1,3.44
2023-01-08 16:09:38,2023-01-01 16:15:22,1,1.12
2023-01-08 16:24:15,2023-01-01 16:32:57,1,1.29
2023-01-08 16:38:27,2023-01-01 16:48:51,1,1.55
2023-01-08 16:54:39,2023-01-01 17:01:52,1,1.51
2023-01-08 16:37:18,2023-01-01 16:59:41,2,7.94
2023-01-08 16:38:32,2023-01-01 16:48:00,2,1.98
2023-01-08 16:57:08,2023-01-01 17:15:55,1,3.84
2023-01-08 16:55:36,2023-01-01 17:03:07,1,1.17
2023-01-08 16:40:35,2023-01-01 17:04:19,1,5.65
2023-01-07 16:53:45,2023-01-01 16:54:56,1,0.08
2023-01-07 16:22:27,2023-01-01 16:39:18,4,0.90
2023-01-07 16:52:19,2023-01-01 17:13:12,2,3.80
2023-01-07 16:19:40,2023-01-01 16:23:37,1,0.71
2023-01-07 16:27:27,2023-01-01 16:39:55,1,3.65
2023-01-07 16:07:31,2023-01-01 16:18:46,1,2.71
2023-01-07 16:46:03,2023-01-01 16:58:42,1,5.38
2023-01-07 16:34:31,2023-01-01 16:41:01,2,1.30
2023-01-07 16:09:51,2023-01-01 16:16:45,1,1.49
2023-01-07 16:29:55,2023-01-01 16:41:01,1,2.05
2023-01-07 16:58:21,2023-01-01 17:15:30,1,3.53
2023-01-07 16:35:28,2023-01-01 16:45:58,1,2.65
2023-01-07 16:28:55,2023-01-01 16:46:51,1,0.75
2023-01-07 16:10:23,2023-01-01 16:21:47,2,1.85
2023-01-07 17:01:35,2023-01-01 17:37:15,1,1.61
2023-01-07 16:54:41,2023-01-01 17:03:38,1,1.24
2023-01-07 16:46:57,2023-01-01 17:08:18,1,3.59
2023-01-07 16:27:16,2023-01-01 16:29:05,1,0.28
2023-01-07 16:34:45,2023-01-01 16:46:14,1,2.09
2023-01-07 16:58:17,2023-01-01 17:43:41,1,7.01
2023-01-07 16:34:00,2023-01-01 16:34:02,2,0.00
2023-01-07 16:10:06,2023-01-01 16:20:26,1,1.40
2023-01-07 16:42:07,2023-01-01 16:54:34,1,5.44
2023-01-07 16:26:15,2023-01-01 16:31:50,1,0.90
2023-01-07 16:43:45,2023-01-01 16:51:15,1,1.10
2023-01-07 16:41:08,2023-01-01 16:53:00,1,2.10
2023-01-07 16:39:01,2023-01-01 16:48:30,1,1.40
2023-01-07 16:58:48,2023-01-01 17:05:43,1,0.16
2023-01-07 16:38:36,2023-01-01 16:47:12,1,1.27
2023-01-07 16:08:11,2023-01-01 17:02:53,3,14.81
2023-01-07 16:35:16,2023-01-01 16:44:38,1,1.86
2023-01-07 16:51:16,2023-01-01 17:04:32,1,2.43
2023-01-07 16:32:44,2023-01-01 16:44:15,1,2.25
2023-01-07 16:39:34,2023-01-01 16:49:28,1,2.25
2023-01-07 16:00:09,2023-01-01 16:06:50,1,1.70
2023-01-07 16:11:15,2023-01-01 16:14:58,1,1.70
2023-01-07 16:32:01,2023-01-01 16:46:31,1,3.10
2023-01-11 16:33:10,2023-01-01 16:50:13,1,3.87
2023-01-11 16:15:55,2023-01-01 16:26:54,1,1.71
2023-01-11 16:35:06,2023-01-01 16:49:45,1,2.93
2023-01-11 16:33:30,2023-01-01 16:49:29,1,2.10
2023-01-11 16:33:13,2023-01-01 16:46:37,1,2.56
2023-01-11 16:41:34,2023-01-01 17:04:06,1,4.08
2023-01-11 16:20:42,2023-01-01 16:20:54,1,0.00
2023-01-11 16:08:48,2023-01-01 16:15:42,1,1.01
2023-01-11 16:15:43,2023-01-01 16:26:50,1,2.17
2023-01-11 16:34:32,2023-01-01 16:44:28,6,1.88
2023-01-11 16:38:14,2023-01-01 16:49:48,1,1.61
2023-01-11 16:59:06,2023-01-01 17:14:36,1,4.45
2023-01-11 16:51:17,2023-01-01 17:07:13,1,0.00
2023-01-11 16:04:56,2023-01-01 16:19:28,1,2.11
2023-01-11 16:39:01,2023-01-01 16:55:50,1,3.10
2023-01-11 16:39:07,2023-01-01 16:58:45,1,3.14
2023-01-11 16:17:47,2023-01-01 16:31:01,1,1.57
2023-01-11 16:38:55,2023-01-01 16:52:58,1,3.39
2023-01-11 16:41:48,2023-01-01 16:53:42,1,2.04
2023-01-11 16:27:04,2023-01-01 16:34:23,1,1.23
2023-01-11 16:53:10,2023-01-01 16:56:58,1,0.85
2023-01-11 15:22:13,2023-01-01 15:27:06,1,0.86
2023-01-11 15:53:09,2023-01-01 16:13:45,1,3.27
2023-01-11 17:23:01,2023-01-01 18:01:57,1,11.08
2023-01-11 17:57:56,2023-01-01 18:01:49,1,0.45
2023-01-11 17:30:25,2023-01-01 17:44:27,1,1.94
2023-01-11 17:35:53,2023-01-01 17:51:59,1,3.49
2023-01-11 17:29:36,2023-01-01 17:41:12,1,1.70
2023-01-11 17:49:56,2023-01-01 18:04:08,3,2.90
2023-01-11 17:50:33,2023-01-01 17:52:39,1,0.00
2023-01-11 17:07:08,2023-01-01 17:25:35,6,7.72
2023-01-11 17:34:59,2023-01-01 18:01:14,1,6.89
2023-01-11 17:09:36,2023-01-01 17:15:12,1,1.48
2023-01-11 18:01:19,2023-01-01 18:16:28,1,2.62
2023-01-11 17:31:36,2023-01-01 17:47:13,1,3.03
2023-01-11 17:40:34,2023-01-01 17:56:57,1,3.14
2023-01-11 17:52:21,2023-01-01 18:04:50,1,2.77
2023-01-11 17:14:19,2023-01-01 17:20:52,1,1.06
2023-01-11 17:28:45,2023-01-01 17:38:43,1,1.48
2023-01-11 17:49:32,2023-01-01 18:25:03,1,4.96
2023-01-11 17:02:27,2023-01-01 17:13:45,2,2.43
2023-01-11 17:27:45,2023-01-01 17:39:25,2,2.19
2023-01-11 17:19:23,2023-01-01 17:32:12,1,3.24
2023-01-11 17:36:02,2023-01-01 17:46:58,1,1.90
2023-01-11 17:42:53,2023-01-01 18:15:28,1,3.68
2023-01-11 17:15:44,2023-01-01 17:24:17,1,1.58
2023-01-11 17:47:09,2023-01-01 17:52:00,1,0.67
2023-01-11 17:45:27,2023-01-01 18:01:35,1,2.76
2023-01-11 17:08:01,2023-01-01 17:18:18,1,2.80
2023-01-11 17:33:58,2023-01-01 18:14:20,2,2.02
2023-01-11 17:57:19,2023-01-01 18:12:42,1,2.26
2023-01-11 17:06:29,2023-01-01 17:16:21,1,1.68
2023-01-11 17:20:23,2023-01-01 17:30:28,6,2.05
2023-01-11 17:20:46,2023-01-01 17:36:09,1,3.06
2023-01-11 17:00:02,2023-01-01 17:03:59,1,0.57
2023-01-11 17:11:36,2023-01-01 17:22:54,1,3.94
2023-01-11 17:24:52,2023-01-01 17:25:12,1,0.00
2023-01-11 17:00:59,2023-01-01 17:13:50,1,2.23
2023-01-11 17:41:46,2023-01-01 18:37:25,1,3.27
2023-01-11 17:33:22,2023-01-01 17:39:26,1,0.71
2023-01-11 17:43:18,2023-01-01 17:54:08,1,1.56
2023-01-11 17:46:56,2023-01-01 17:51:49,1,0.78
2023-01-11 17:45:45,2023-01-01 17:56:34,1,1.62
2023-01-11 17:13:29,2023-01-01 17:24:47,1,2.61
2023-01-11 17:10:28,2023-01-01 17:33:18,1,4.45
2023-01-13 17:06:52,2023-01-01 17:23:39,3,4.75
2023-01-13 17:03:22,2023-01-01 17:17:58,1,4.50
2023-01-13 17:11:52,2023-01-01 17:15:01,1,0.93
2023-01-13 17:10:49,2023-01-01 17:21:13,1,2.00
2023-01-13 17:20:29,2023-01-01 17:21:33,1,0.01
2023-01-13 17:26:07,2023-01-01 17:29:20,1,0.75
2023-01-13 17:33:50,2023-01-01 17:55:52,1,2.79
2023-01-13 16:59:35,2023-01-01 17:18:21,1,4.38
2023-01-13 17:29:57,2023-01-01 17:42:56,1,2.35
2023-01-13 16:58:22,2023-01-01 17:11:42,1,2.65
2023-01-13 17:31:43,2023-01-01 17:45:05,1,2.37
2023-01-13 17:32:35,2023-01-01 17:51:37,1,3.90
2023-01-13 17:54:56,2023-01-01 18:11:01,1,7.52
2023-01-13 16:59:33,2023-01-01 17:17:28,1,3.65
2023-01-13 17:32:53,2023-01-01 17:40:09,1,1.26
2023-01-13 17:01:15,2023-01-01 17:14:21,2,2.20
2023-01-13 17:05:42,2023-01-01 17:27:44,1,3.88
2023-01-13 17:05:19,2023-01-01 17:19:00,1,2.98
2023-01-13 17:33:13,2023-01-01 17:40:41,1,1.44
2023-01-13 17:47:38,2023-01-01 17:52:12,1,0.54
2023-01-13 17:20:08,2023-01-01 17:33:18,1,0.64
2023-01-13 17:28:45,2023-01-01 17:41:46,1,2.29
2023-01-13 17:30:04,2023-01-01 17:43:09,1,3.02
2023-01-13 17:51:15,2023-01-01 18:19:22,1,15.50
2023-01-13 17:21:18,2023-01-01 17:34:34,6,1.89
2023-01-13 17:10:55,2023-01-01 17:47:57,1,0.00
2023-01-13 17:07:05,2023-01-01 17:49:39,1,4.23
2023-01-13 17:31:40,2023-01-01 17:43:31,1,2.30
2023-01-13 17:27:25,2023-01-01 17:41:12,1,2.92
2023-01-13 16:51:37,2023-01-01 17:07:49,1,2.93
2023-01-13 18:29:09,2023-01-01 18:51:59,1,7.04
2023-01-13 18:48:51,2023-01-01 19:36:48,5,12.46
2023-01-13 18:03:01,2023-01-01 18:06:59,1,1.46
2023-01-13 18:34:29,2023-01-01 18:44:55,1,2.63
2023-01-13 18:57:38,2023-01-01 19:01:46,1,0.87
2023-01-13 18:44:46,2023-01-01 18:55:18,1,5.76
2023-01-13 18:14:24,2023-01-01 18:35:54,1,6.50
2023-01-13 18:06:38,2023-01-01 18:25:15,1,3.41
2023-01-13 18:50:58,2023-01-01 18:56:55,1,1.42
2023-01-13 18:32:46,2023-01-01 18:41:25,1,2.20
2023-01-13 18:06:35,2023-01-01 18:20:15,1,3.38
2023-01-13 18:59:01,2023-01-01 19:11:18,1,2.12
2023-01-13 18:22:19,2023-01-01 18:26:49,6,1.45
2023-01-13 18:33:15,2023-01-01 18:45:27,1,3.76
2023-01-13 19:02:22,2023-01-01 19:13:15,1,2.72
2023-01-13 18:54:45,2023-01-01 19:04:30,1,1.47
2023-01-13 18:37:30,2023-01-01 18:43:58,2,1.09
2023-01-13 18:42:05,2023-01-01 18:56:25,2,2.66
2023-01-13 18:01:50,2023-01-01 18:15:33,1,2.86
2023-01-13 18:40:38,2023-01-01 18:46:01,1,0.86
2023-01-13 18:10:09,2023-01-01 18:25:41,1,2.48
2023-01-13 18:53:42,2023-01-01 19:09:53,2,3.42
2023-01-13 18:21:53,2023-01-01 18:29:11,1,0.93
2023-01-13 18:56:58,2023-01-01 19:06:10,1,0.87
2023-01-03 18:37:21,2023-01-01 18:40:59,1,0.73
2023-01-03 18:07:52,2023-01-01 18:35:38,4,7.50
2023-01-03 18:07:45,2023-01-01 18:15:04,1,1.24
2023-01-03 18:45:14,2023-01-01 18:50:31,1,0.70
2023-01-03 18:38:29,2023-01-01 18:44:51,1,1.46
2023-01-03 18:38:17,2023-01-01 18:48:09,1,1.65
2023-01-03 18:58:39,2023-01-01 19:30:50,4,5.93
2023-01-03 18:42:54,2023-01-01 18:54:17,1,1.59
2023-01-03 18:50:53,2023-01-01 18:59:01,1,1.30
2023-01-03 18:52:54,2023-01-01 18:55:10,1,0.22
2023-01-03 17:05:32,2023-01-02 16:25:43,1,3.08
2023-01-03 18:33:35,2023-01-02 00:00:00,1,1.10
2023-01-03 18:17:57,2023-01-01 18:30:56,1,2.66
2023-01-03 18:33:22,2023-01-01 18:41:20,1,1.59
2023-01-03 18:34:07,2023-01-01 18:42:56,1,1.10
2023-01-03 18:16:41,2023-01-01 18:22:44,1,0.77
2023-01-03 18:02:33,2023-01-01 18:27:18,1,3.12
2023-01-03 18:38:08,2023-01-01 19:08:28,1,3.79
2023-01-03 18:02:44,2023-01-01 18:11:30,1,1.72
2023-01-03 18:21:44,2023-01-01 18:37:03,1,2.73
2023-01-03 18:40:08,2023-01-01 19:11:10,1,0.00
2023-01-03 18:30:50,2023-01-01 18:41:56,1,1.31
2023-01-03 18:06:42,2023-01-01 18:18:06,1,2.54
2023-01-03 18:21:16,2023-01-01 18:32:21,1,0.00
2023-01-03 18:42:55,2023-01-01 18:53:59,1,1.72
2023-01-03 18:41:04,2023-01-01 18:46:57,1,1.03
2023-01-03 18:38:43,2023-01-01 18:47:22,1,2.18
2023-01-03 18:39:07,2023-01-01 18:52:12,1,2.92
2023-01-03 18:32:01,2023-01-01 18:38:48,1,1.40
2023-01-03 18:39:24,2023-01-01 18:53:26,4,3.01
2023-01-03 18:13:08,2023-01-01 18:28:31,5,2.98
2023-01-03 18:25:33,2023-01-01 18:48:49,2,5.50
2023-01-03 18:05:14,2023-01-01 18:10:08,1,0.77
2023-01-03 18:48:26,2023-01-01 18:53:22,1,1.63
2023-01-03 18:41:09,2023-01-01 18:45:51,1,1.39
2023-01-03 18:21:36,2023-01-01 18:26:50,1,2.06
2023-01-03 18:37:07,2023-01-01 18:46:09,1,1.72
